month,operational,effective,frac_of_t0,frontier_relative,pool
0,1980000.0,1980000.0,1.0,13.2,0.0
1,1961383.9323627017,1961383.9323627017,0.9905979456377282,11.444082248263152,15661.085266923683
2,1958855.1004384786,1958855.1004384786,0.9893207577972114,10.003000375892432,11346.38636350107
3,1952193.5956109504,1952193.5956109504,0.9859563614196719,8.724900306805745,12373.580494236889
4,1946750.8852724866,1946750.8852724866,0.9832075178143872,7.614783964487553,12038.412009744163
5,1941129.5514462132,1941129.5514462132,0.9803684603263703,6.645250293664946,12087.533468891861
6,1935719.021702351,1935719.021702351,0.977635869546642,5.799743088300936,12029.562346228711
7,1930406.1402438292,1930406.1402438292,0.974952596082742,5.0620303510298355,12002.709067760143
8,1925219.2163232483,1925219.2163232483,0.9723329375369941,4.418408427496563,11968.070744826387
9,1920146.8420646617,1920146.8420646617,0.9697711323558897,3.8568231857097945,11936.569587777987
10,1915188.859919494,1915188.859919494,0.9672671009694415,3.3667937324977384,11905.111756587776
11,1910342.023030606,1910342.023030606,0.9648192035508112,2.9391763781279163,11874.546811110862
12,1905604.0274878696,1905604.0274878696,0.962426276509025,2.566000859952695,11844.615440919164
13,1900972.3763365375,1900972.3763365375,0.960087058755827,2.2403174302597852,11815.37073328294
14,1896444.697527354,1896444.697527354,0.9578003522865424,1.9560662089647567,11786.778339192168
15,1892018.652887701,1892018.652887701,0.9555649762059096,1.7079627627175693,11758.828942571236
16,1887691.9621801632,1887691.9621801632,0.9533797788788704,1.4913985861181691,11731.506611239562
17,1883462.3948200713,1883462.3948200713,0.9512436337475108,1.302354365606,11704.797690691954
18,1879327.7707250488,1879327.7707250488,0.9491554397601257,1.1373244201381016,11678.688292797802
19,1875285.9586288244,1875285.9586288244,0.9471141205196083,0.9932508626354845,11653.164993128381
20,1871334.8751408677,1871334.8751408677,0.9451186238085191,0.8674662295463771,11628.214625854715
21,1867472.483627973,1867472.483627973,0.9431679210242288,0.7576434847547149,11603.824332712738
22,1863696.793176973,1863696.793176973,0.9412610066550369,0.66175244668009,11579.981540691584
23,1860005.85756498,1860005.85756498,0.9393968977600908,0.5780218103824352,11556.673959964766
24,1856397.774257171,1856397.774257171,0.9375746334632177,0.5049060437281649,11533.88957631406
25,1852870.6834258286,1852870.6834258286,0.9357932744574892,0.44105652991392524,11511.616645285805
26,1849422.766991748,1849422.766991748,0.9340519025210848,0.3852964097899475,11489.84368603886
27,1846052.2476870655,1846052.2476870655,0.9323496200439725,0.3365986480345921,11468.559475454314
28,1842757.388139153,1842757.388139153,0.9306855495652288,0.2940669086834888,11447.753042342616
29,1839536.489975066,1839536.489975066,0.9290588333207404,0.2569188790024458,11427.413661790555
30,1836387.8929460999,1836387.8929460999,0.9274686328010605,0.2244717272503601,11407.530849632349
31,1833309.9740719942,1833309.9740719942,0.925914128319189,0.19612942040795514,11388.094357045646
32,1830301.1468043507,1830301.1468043507,0.9243945185880559,0.17137166323395914,11369.094165268581
33,1827359.8602088275,1827359.8602088275,0.9229090203074887,0.14974425073352599,11350.520480435554
34,1824484.5981656923,1824484.5981656923,0.9214568677604507,0.13085065287669465,11332.363728528806
35,1821673.8785883223,1821673.8785883223,0.9200373124183446,0.11434467370257655,11314.614550443417
36,1818926.2526592442,1818926.2526592442,0.9186496225551739,0.09992404723577376,11297.263797163057
37,1816240.3040833266,1816240.3040833266,0.9172930828703669,0.08732485031490703,11280.302525043995
38,1813614.6483577325,1813614.6483577325,0.9159669941200669,0.07631662782803605,11263.721991205011
39,1811047.9320582629,1811047.9320582629,0.9146706727566984,0.0666981392610558,11247.513649020773
40,1808538.8321417184,1808538.8321417184,0.9134034505766254,0.058293647149411126,11231.66914371639
41,1806086.0552639212,1806086.0552639212,0.9121646743757178,0.05094967820392134,11216.180308060837
42,1803688.3371130468,1803688.3371130468,0.9109537056126499,0.04453219675241384,11201.039158157064
43,1801344.4417579197,1801344.4417579197,0.9097699200797574,0.03892413786929572,11186.237889326612
44,1799053.161010938,1799053.161010938,0.9086127075812818,0.03402325430230484,11171.768872086606
45,1796813.3138053003,1796813.3138053003,0.9074814716188385,0.029740237177563727,11157.624648217034
46,1794623.7455862104,1794623.7455862104,0.9063756290839446,0.025997075582224374,11143.797926916332
47,1792483.32771575,1792483.32771575,0.9052946099574496,0.022725624585525253,11130.28158104326
48,1790390.9568911083,1790390.9568911083,0.9042378570157112,0.019866355148510425,11117.068643443137
49,1788345.5545758721,1788345.5545758721,0.9032048255433698,0.01736726276360014,11104.152303356537
50,1786346.0664440831,1786346.0664440831,0.9021949830525672,0.01518291462174906,11091.525902908596
51,1784391.461836772,1784391.461836772,0.9012078090084708,0.013273617682917285,11079.182933677159
52,1782480.7332306947,1782480.7332306947,0.9002427945609569,0.011604692273637335,11067.117033337914
53,1780612.895718992,1780612.895718992,0.8992994422823192,0.010145837795945821,11055.32198238488
54,1778786.986503509,1778786.986503509,0.8983772659108632,0.00887057884176567,11043.79170092447
55,1777002.0643985095,1777002.0643985095,0.8974757901002574,0.007755781498123567,11032.520245541571
56,1775257.2093455305,1775257.2093455305,0.8965945501745104,0.006781230929378701,11021.5018062359
57,1773551.5219391284,1773551.5219391284,0.8957330918884487,0.005929262457335612,11010.730703427218
58,1771884.1229632702,1771884.1229632702,0.8948909711935708,0.005184439349984587,11000.201385027696
59,1770254.1529381305,1770254.1529381305,0.8940677540091568,0.004533271393198309,10989.908423580042
60,1768660.7716770642,1768660.7716770642,0.8932630159985173,0.003963969073170357,10979.846513459843
61,1767103.1578535223,1767103.1578535223,0.8924763423502639,0.0034662288547932917,10970.010468140736
62,1765580.5085776886,1765580.5085776886,0.8917073275644892,0.0030310456148192684,10960.39521752095
63,1764092.0389826223,1764092.0389826223,0.8909555752437487,0.0026505487892271675,10950.99580530985
64,1762636.9818196895,1762636.9818196895,0.890220697888732,0.0023178592310678344,10941.807386473178
65,1761214.5870630753,1761214.5870630753,0.8895023166985229,0.0020269641563101654,10932.825224735616
66,1759824.1215231742,1759824.1215231742,0.8888000613753405,0.0017726078879587955,10924.044690139428
67,1758464.8684686606,1758464.8684686606,0.888113569933667,0.0015501963991460897,10915.461256657869
68,1757136.1272570405,1757136.1272570405,0.8874424885136568,0.0013557139094119576,10907.070499862233
69,1755837.2129734966,1755837.2129734966,0.8867864711987357,0.0011856500096797747,10898.868094641206
70,1754567.456077843,1754567.456077843,0.8861451798372945,0.0010369359846198838,10890.84981297143
71,1753326.2020594012,1753326.2020594012,0.8855182838683845,0.000906889169743031,10883.011521738146
72,1752112.8110996266,1752112.8110996266,0.8849054601513265,0.0007931643278077126,10875.34918060471
73,1750926.6577423057,1750926.6577423057,0.8843063927991442,0.0006937111576817915,10867.858839929968
74,1749767.1305711577,1749767.1305711577,0.8837207730157361,0.0006067371610464761,10860.536638732365
75,1748633.6318946737,1748633.6318946737,0.8831482989367039,0.0005306751903434851,10853.378802699754
76,1747525.5774380292,1747525.5774380292,0.8825886754737521,0.000464155086953214,10846.381642243892
77,1746442.396041913,1746442.396041913,0.8820416141625823,0.00040597889333158615,10839.541550598598
78,1745383.5293681168,1745383.5293681168,0.8815068330142004,0.0003550991881038649,10832.855001960586
79,1744348.4316117333,1744348.4316117333,0.8809840563695622,0.00031060015011711266,10826.318549672087
80,1743336.569219815,1743336.569219815,0.8804730147574824,0.00027168100723859424,10819.92882444419
81,1742347.420616348,1742347.420616348,0.8799734447557314,0.0002376415691709826,10813.682532620134
82,1741380.4759333995,1741380.4759333995,0.8794850888552522,0.0002078695815360396,10807.57645447753
83,1740435.236748301,1740435.236748301,0.8790076953274247,0.00018182967165426643,10801.607442568737
84,1739511.2158267307,1739511.2158267307,0.8785410180943084,0.00015905368542789896,10795.77242009847
85,1738607.9368715629,1738607.9368715629,0.8780848166017994,0.00013913224005021642,10790.068379337827
86,1737724.9342773547,1737724.9342773547,0.8776388556956337,0.0001217073393796723,10784.492380073923
87,1736861.7528903452,1736861.7528903452,0.8772029055001743,0.00010646591813802599,10779.041548094321
88,1736017.9477738403,1736017.9477738403,0.8767767412999193,9.313419797135077e-05,10773.71307370549
89,1735193.0839788662,1735193.0839788662,0.8763601434236699,8.147275316038745e-05,10768.504210284515
90,1734386.7363199692,1734386.7363199692,0.8759528971312975,7.127219665203463e-05,10763.41227286332
91,1733598.4891560492,1733598.4891560492,0.8755547925030551,6.23494083423358e-05,10758.434636744669
92,1732827.9361761126,1732827.9361761126,0.87516562433137,5.454423737886377e-05,10753.568736149236
93,1732074.6801898347,1732074.6801898347,0.874785192015068,4.771661884658255e-05,10748.812062893046
94,1731338.332922824,1731338.332922824,0.8744132994559717,4.174405271295157e-05,10744.162165094598
95,1730618.5148164807,1730618.5148164807,0.8740497549578186,3.6519399472283385e-05,10739.616645911032
96,1729914.8548323498,1729914.8548323498,0.8736943711274494,3.1948952665840176e-05,10735.173162302613
97,1729226.9902608648,1729226.9902608648,0.8733469647782146,2.7950753467412003e-05,10730.829423825033
98,1728554.5665343846,1728554.5665343846,0.8730073568355478,2.4453116905464443e-05,10726.58319144873
99,1727897.237044428,1727897.237044428,0.8726753722446606,2.1393343122143687e-05,10722.432276404785
100,1727254.6629630097,1727254.6629630097,0.8723508398803079,1.871659041616977e-05,10718.374539056678
101,1726626.513067989,1726626.513067989,0.8720335924585803,1.6374889741799083e-05,10714.407887797403
102,1726012.4635723357,1726012.4635723357,0.8717234664506746,1.432628289277785e-05,10710.530277971317
103,1725412.197957232,1725412.197957232,0.871420301998602,1.2534068835004353e-05,10706.739710820188
104,1724825.4068089179,1724825.4068089179,0.8711239428327868,1.0966144605057512e-05,10703.034232452941
105,1724251.7876592022,1724251.7876592022,0.8708342361915162,9.594428899302025e-06,10699.411932838468
106,1723691.0448295495,1723691.0448295495,0.8705510327421967,8.394357970937623e-06,10695.870944821114
107,1723142.889278671,1723142.889278671,0.8702741865043793,7.344444757197675e-06,10692.409443158209
108,1722607.0384535345,1722607.0384535345,0.8700035547745124,6.425893299582451e-06,10689.025643579222
109,1722083.2161437185,1722083.2161437185,0.8697389980523831,5.622261517213876e-06,10685.71780186606
110,1721571.1523390373,1721571.1523390373,0.8694803799692108,4.919166265186674e-06,10682.484212953974
111,1721070.583090361,1721070.583090361,0.8692275672173541,4.304025371958822e-06,10679.323210052671
112,1720581.2503735593,1720581.2503735593,0.8689804294815956,3.765832016169306e-06,10676.233163787136
113,1720102.9019565005,1720102.9019565005,0.8687388393719699,3.2949573858556906e-06,10673.21248135777
114,1719635.2912690362,1719635.2912690362,0.8685026723580991,2.882978072406792e-06,10670.259605719351
115,1719178.1772759024,1719178.1772759024,0.8682718067050011,2.5225250969395564e-06,10667.373014778452
116,1718731.324352476,1718731.324352476,0.8680461234103415,2.207151856186822e-06,10664.55122060883
117,1718294.5021633203,1718294.5021633203,0.8678255061430911,1.9312186154607873e-06,10661.792768684487
118,1717867.4855434538,1717867.4855434538,0.8676098411835625,1.6897914739677739e-06,10659.096237129916
119,1717450.0543822884,1717450.0543822884,0.8673990173647921,1.4785539880709044e-06,10656.46023598716
120,1717041.9935101694,1717041.9935101694,0.8671929260152371,1.293729865728297e-06,10653.883406499357
